1,ChopandChill2-1.jpg,2017-07-26 22:42:11.882802,2017-07-26 22:42:11.882802,,
2,ChopandChill2-2.jpg,2017-07-26 22:42:11.902925,2017-07-26 22:42:11.902925,,
3,ChopandChill2-3.jpg,2017-07-26 22:42:11.917244,2017-07-26 22:42:11.917244,,
4,ChopandChill2-4.jpg,2017-07-26 22:42:11.926092,2017-07-26 22:42:11.926092,,
5,ChopandChill2-5.jpg,2017-07-26 22:42:11.947735,2017-07-26 22:42:11.947735,,
6,ChopandChill2-6.jpg,2017-07-26 22:42:11.966113,2017-07-26 22:42:11.966113,,
7,ChopandChill2-7.jpg,2017-07-26 22:42:11.971998,2017-07-26 22:42:11.971998,,
8,ChopandChill2-8.jpg,2017-07-26 22:42:11.981482,2017-07-26 22:42:11.981482,,
9,ChopandChill2-9.jpg,2017-07-26 22:42:11.99115,2017-07-26 22:42:11.99115,,
10,ChopandChill2-10.jpg,2017-07-26 22:42:11.996846,2017-07-26 22:42:11.996846,,
11,ChopandChill2-11.jpg,2017-07-26 22:42:12.004316,2017-07-26 22:42:12.004316,,
12,ChopandChill2-12.jpg,2017-07-26 22:42:12.01238,2017-07-26 22:42:12.01238,,
13,ChopandChill2-13.jpg,2017-07-26 22:42:12.02392,2017-07-26 22:42:12.02392,,
14,ChopandChill2-14.jpg,2017-07-26 22:42:12.044336,2017-07-26 22:42:12.044336,,
15,ChopandChill2-15.jpg,2017-07-26 22:42:12.060665,2017-07-26 22:42:12.060665,,
16,ChopandChill2-16.jpg,2017-07-26 22:42:12.070754,2017-07-26 22:42:12.070754,,
17,ChopandChill2-17.jpg,2017-07-26 22:42:12.087851,2017-07-26 22:42:12.087851,,
18,ChopandChill2-18.jpg,2017-07-26 22:42:12.095893,2017-07-26 22:42:12.095893,,
19,ChopandChill2-19.jpg,2017-07-26 22:42:12.112556,2017-07-26 22:42:12.112556,,
20,ChopandChill2-20.jpg,2017-07-26 22:42:12.118494,2017-07-26 22:42:12.118494,,
21,ChopandChill2-21.jpg,2017-07-26 22:42:12.127222,2017-07-26 22:42:12.127222,,
22,ChopandChill2-22.jpg,2017-07-26 22:42:12.156524,2017-07-26 22:42:12.156524,,
23,ChopandChill2-23.jpg,2017-07-26 22:42:12.163358,2017-07-26 22:42:12.163358,,
24,ChopandChill2-24.jpg,2017-07-26 22:42:12.182117,2017-07-26 22:42:12.182117,,
25,ChopandChill2-25.jpg,2017-07-26 22:42:12.195493,2017-07-26 22:42:12.195493,,
26,ChopandChill2-26.jpg,2017-07-26 22:42:12.211433,2017-07-26 22:42:12.211433,,
27,ChopandChill2-27.jpg,2017-07-26 22:42:12.220114,2017-07-26 22:42:12.220114,,
28,ChopandChill2-28.jpg,2017-07-26 22:42:12.227474,2017-07-26 22:42:12.227474,,
29,ChopandChill2-29.jpg,2017-07-26 22:42:12.234088,2017-07-26 22:42:12.234088,,
30,ChopandChill2-30.jpg,2017-07-26 22:42:12.241136,2017-07-26 22:42:12.241136,,
31,ChopandChill2-31.jpg,2017-07-26 22:42:12.249502,2017-07-26 22:42:12.249502,,
32,ChopandChill2-32.jpg,2017-07-26 22:42:12.271325,2017-07-26 22:42:12.271325,,
33,ChopandChill2-33.jpg,2017-07-26 22:42:12.309479,2017-07-26 22:42:12.309479,,
34,ChopandChill2-34.jpg,2017-07-26 22:42:12.316496,2017-07-26 22:42:12.316496,,
35,ChopandChill2-35.jpg,2017-07-26 22:42:12.322541,2017-07-26 22:42:12.322541,,
36,ChopandChill2-36.jpg,2017-07-26 22:42:12.339254,2017-07-26 22:42:12.339254,,
37,ChopandChill2-37.jpg,2017-07-26 22:42:12.357406,2017-07-26 22:42:12.357406,,
38,ChopandChill2-38.jpg,2017-07-26 22:42:12.374294,2017-07-26 22:42:12.374294,,
39,ChopandChill2-39.jpg,2017-07-26 22:42:12.383666,2017-07-26 22:42:12.383666,,
40,ChopandChill2-40.jpg,2017-07-26 22:42:12.424694,2017-07-26 22:42:12.424694,,
41,ChopandChill2-41.jpg,2017-07-26 22:42:12.454355,2017-07-26 22:42:12.454355,,
42,ChopandChill2-42.jpg,2017-07-26 22:42:12.461253,2017-07-26 22:42:12.461253,,
43,ChopandChill2-43.jpg,2017-07-26 22:42:12.467518,2017-07-26 22:42:12.467518,,
44,ChopandChill2-44.jpg,2017-07-26 22:42:12.485102,2017-07-26 22:42:12.485102,,
45,ChopandChill2-45.jpg,2017-07-26 22:42:12.499017,2017-07-26 22:42:12.499017,,
46,ChopandChill2-46.jpg,2017-07-26 22:42:12.522822,2017-07-26 22:42:12.522822,,
47,ChopandChill2-47.jpg,2017-07-26 22:42:12.536157,2017-07-26 22:42:12.536157,,
48,ChopandChill2-48.jpg,2017-07-26 22:42:12.548657,2017-07-26 22:42:12.548657,,
49,ChopandChill2-49.jpg,2017-07-26 22:42:12.571904,2017-07-26 22:42:12.571904,,
50,ChopandChill2-50.jpg,2017-07-26 22:42:12.591201,2017-07-26 22:42:12.591201,,
51,ChopandChill2-51.jpg,2017-07-26 22:42:12.607936,2017-07-26 22:42:12.607936,,
52,ChopandChill2-52.jpg,2017-07-26 22:42:12.619168,2017-07-26 22:42:12.619168,,
53,ChopandChill2-53.jpg,2017-07-26 22:42:12.632608,2017-07-26 22:42:12.632608,,
54,ChopandChill2-54.jpg,2017-07-26 22:42:12.642155,2017-07-26 22:42:12.642155,,
55,ChopandChill2-55.jpg,2017-07-26 22:42:12.652422,2017-07-26 22:42:12.652422,,
56,ChopandChill2-56.jpg,2017-07-26 22:42:12.658371,2017-07-26 22:42:12.658371,,
